Fund Name,P1,P2,P3,P4,P5,Topsis Score,Rank
M1,0.95,0.9,3.6,37.9,10.84,0.3651889316007136,6
M2,0.94,0.88,3.7,63.7,17.31,0.8344120694838114,1
M3,0.8,0.64,5.1,64.1,17.66,0.6842373636909774,2
M4,0.7,0.49,5.7,54.3,15.3,0.4288787937119816,5
M5,0.81,0.66,3.4,50.9,13.94,0.46878724611076705,4
M6,0.66,0.44,4.2,69.8,18.78,0.6715895991290234,3
M7,0.83,0.69,4.5,41.2,11.81,0.26821498059849314,7
M8,0.72,0.52,3.7,41.1,11.51,0.24366924405067705,8
